FileName,Label,Format
Cov-Atlas+(44)_p1_f1,covid,jpg
Cov-Atlas+(44)_p1_f2,covid,jpg
Cov-Atlas+(44)_p1_f3,covid,jpg
Cov-Atlas+(44)_p1_f4,covid,jpg
Cov-Atlas+(44)_p1_f5,covid,jpg
Cov-Atlas+(45)_p2_f1,covid,jpg
Cov-Atlas+(45)_p2_f2,covid,jpg
Cov-Atlas+(45)_p2_f3,covid,jpg
Cov-Atlas+(45)_p2_f4,covid,jpg
Cov-Atlas+(45)_p2_f5,covid,jpg
Cov-Atlas-+(43)_p3_f1,covid,jpg
Cov-Atlas-+(43)_p3_f2,covid,jpg
Cov-Atlas-+(43)_p3_f3,covid,jpg
Cov-Atlas-+(43)_p3_f4,covid,jpg
Cov-Atlas-+(43)_p3_f5,covid,jpg
Cov-Atlas-Day+1_p4_f1,covid,jpg
Cov-Atlas-Day+1_p4_f2,covid,jpg
Cov-Atlas-Day+1_p4_f3,covid,jpg
Cov-Atlas-Day+1_p4_f4,covid,jpg
Cov-Atlas-Day+1_p4_f5,covid,jpg
Cov-Atlas-Day+2_p5_f1,covid,jpg
Cov-Atlas-Day+2_p5_f2,covid,jpg
Cov-Atlas-Day+2_p5_f3,covid,jpg
Cov-Atlas-Day+2_p5_f4,covid,jpg
Cov-Atlas-Day+2_p5_f5,covid,jpg
Cov-Atlas-Day+3_p6_f1,covid,jpg
Cov-Atlas-Day+3_p6_f2,covid,jpg
Cov-Atlas-Day+3_p6_f3,covid,jpg
Cov-Atlas-Day+3_p6_f4,covid,jpg
Cov-Atlas-Day+3_p6_f5,covid,jpg
Cov-Atlas-Day+4_p7_f1,covid,jpg
Cov-Atlas-Day+4_p7_f2,covid,jpg
Cov-Atlas-Day+4_p7_f3,covid,jpg
Cov-Atlas-Day+4_p7_f4,covid,jpg
Cov-Atlas-Day+4_p7_f5,covid,jpg
Cov-Atlas-suspectedCovid_p8_f1,covid,jpg
Cov-Atlas-suspectedCovid_p8_f2,covid,jpg
Cov-Atlas-suspectedCovid_p8_f3,covid,jpg
Cov-Atlas-suspectedCovid_p8_f4,covid,jpg
Cov-Atlas-suspectedCovid_p8_f5,covid,jpg
Cov_combatting_Image1_p9_f1,covid,jpg
Cov_combatting_Image1_p9_f2,covid,jpg
Cov_combatting_Image1_p9_f3,covid,jpg
Cov_combatting_Image1_p9_f4,covid,jpg
Cov_combatting_Image1_p9_f5,covid,jpg
Cov_combatting_Image2_p10_f1,covid,jpg
Cov_combatting_Image2_p10_f2,covid,jpg
Cov_combatting_Image2_p10_f3,covid,jpg
Cov_combatting_Image2_p10_f4,covid,jpg
Cov_combatting_Image2_p10_f5,covid,jpg
Cov_combatting_Image3_p11_f1,covid,jpg
Cov_combatting_Image3_p11_f2,covid,jpg
Cov_combatting_Image3_p11_f3,covid,jpg
Cov_combatting_Image3_p11_f4,covid,jpg
Cov_combatting_Image3_p11_f5,covid,jpg
Cov_combatting_image4_p12_f1,covid,jpg
Cov_combatting_image4_p12_f2,covid,jpg
Cov_combatting_image4_p12_f3,covid,jpg
Cov_combatting_image4_p12_f4,covid,jpg
Cov_combatting_image4_p12_f5,covid,jpg
Cov_combatting_Image5_p13_f1,covid,jpg
Cov_combatting_Image5_p13_f2,covid,jpg
Cov_combatting_Image5_p13_f3,covid,jpg
Cov_combatting_Image5_p13_f4,covid,jpg
Cov_combatting_Image5_p13_f5,covid,jpg
Cov_convex_volpecelli_sonographic_v1_p14_f1,covid,jpg
Cov_convex_volpecelli_sonographic_v1_p14_f2,covid,jpg
Cov_convex_volpecelli_sonographic_v1_p14_f3,covid,jpg
Cov_convex_volpecelli_sonographic_v1_p14_f4,covid,jpg
Cov_convex_volpecelli_sonographic_v1_p14_f5,covid,jpg
Cov_convex_volpecelli_sonographic_v2_p15_f1,covid,jpg
Cov_convex_volpecelli_sonographic_v2_p15_f2,covid,jpg
Cov_convex_volpecelli_sonographic_v2_p15_f3,covid,jpg
Cov_convex_volpecelli_sonographic_v2_p15_f4,covid,jpg
Cov_convex_volpecelli_sonographic_v2_p15_f5,covid,jpg
Cov_convex_volpecelli_sonographic_v3_p16_f1,covid,jpg
Cov_convex_volpecelli_sonographic_v3_p16_f2,covid,jpg
Cov_convex_volpecelli_sonographic_v3_p16_f3,covid,jpg
Cov_convex_volpecelli_sonographic_v3_p16_f4,covid,jpg
Cov_convex_volpecelli_sonographic_v3_p16_f5,covid,jpg
Cov_convex_volpecelli_sonographic_v4_p17_f1,covid,jpg
Cov_convex_volpecelli_sonographic_v4_p17_f2,covid,jpg
Cov_convex_volpecelli_sonographic_v4_p17_f3,covid,jpg
Cov_convex_volpecelli_sonographic_v4_p17_f4,covid,jpg
Cov_convex_volpecelli_sonographic_v4_p17_f5,covid,jpg
Cov_convex_volpecelli_sonographic_v5_p18_f1,covid,jpg
Cov_convex_volpecelli_sonographic_v5_p18_f2,covid,jpg
Cov_convex_volpecelli_sonographic_v5_p18_f3,covid,jpg
Cov_convex_volpecelli_sonographic_v5_p18_f4,covid,jpg
Cov_convex_volpecelli_sonographic_v5_p18_f5,covid,jpg
Cov_denault_proposedUS_vid10_p20_f1,covid,jpg
Cov_denault_proposedUS_vid10_p20_f2,covid,jpg
Cov_denault_proposedUS_vid10_p20_f3,covid,jpg
Cov_denault_proposedUS_vid10_p20_f4,covid,jpg
Cov_denault_proposedUS_vid10_p20_f5,covid,jpg
Cov_denault_proposedUS_vid11_p21_f1,covid,jpg
Cov_denault_proposedUS_vid11_p21_f2,covid,jpg
Cov_denault_proposedUS_vid11_p21_f3,covid,jpg
Cov_denault_proposedUS_vid11_p21_f4,covid,jpg
Cov_denault_proposedUS_vid11_p21_f5,covid,jpg
Cov_denault_proposedUS_vid12_p22_f1,covid,jpg
Cov_denault_proposedUS_vid12_p22_f2,covid,jpg
Cov_denault_proposedUS_vid12_p22_f3,covid,jpg
Cov_denault_proposedUS_vid12_p22_f4,covid,jpg
Cov_denault_proposedUS_vid12_p22_f5,covid,jpg
Cov_denault_proposedUS_vid13_p23_f1,covid,jpg
Cov_denault_proposedUS_vid13_p23_f2,covid,jpg
Cov_denault_proposedUS_vid13_p23_f3,covid,jpg
Cov_denault_proposedUS_vid13_p23_f4,covid,jpg
Cov_denault_proposedUS_vid13_p23_f5,covid,jpg
Cov_denault_proposedUS_vid14_p24_f1,covid,jpg
Cov_denault_proposedUS_vid14_p24_f2,covid,jpg
Cov_denault_proposedUS_vid14_p24_f3,covid,jpg
Cov_denault_proposedUS_vid14_p24_f4,covid,jpg
Cov_denault_proposedUS_vid14_p24_f5,covid,jpg
Cov_denault_proposedUS_vid1_p19_f1,covid,jpg
Cov_denault_proposedUS_vid1_p19_f2,covid,jpg
Cov_denault_proposedUS_vid1_p19_f3,covid,jpg
Cov_denault_proposedUS_vid1_p19_f4,covid,jpg
Cov_denault_proposedUS_vid1_p19_f5,covid,jpg
Cov_denault_proposedUS_vid2_p25_f1,covid,jpg
Cov_denault_proposedUS_vid2_p25_f2,covid,jpg
Cov_denault_proposedUS_vid2_p25_f3,covid,jpg
Cov_denault_proposedUS_vid2_p25_f4,covid,jpg
Cov_denault_proposedUS_vid2_p25_f5,covid,jpg
Cov_denault_proposedUS_vid5_p26_f1,covid,jpg
Cov_denault_proposedUS_vid5_p26_f2,covid,jpg
Cov_denault_proposedUS_vid5_p26_f3,covid,jpg
Cov_denault_proposedUS_vid5_p26_f4,covid,jpg
Cov_denault_proposedUS_vid5_p26_f5,covid,jpg
Cov_emdocs_vid1_p27_f1,covid,jpg
Cov_emdocs_vid1_p27_f2,covid,jpg
Cov_emdocs_vid1_p27_f3,covid,jpg
Cov_emdocs_vid1_p27_f4,covid,jpg
Cov_emdocs_vid1_p27_f5,covid,jpg
Cov_emdocs_vid3_p28_f1,covid,jpg
Cov_emdocs_vid3_p28_f2,covid,jpg
Cov_emdocs_vid3_p28_f3,covid,jpg
Cov_emdocs_vid3_p28_f4,covid,jpg
Cov_emdocs_vid3_p28_f5,covid,jpg
Cov_recommendations_lightbeam_mov6_p29_f1,covid,jpg
Cov_recommendations_lightbeam_mov6_p29_f2,covid,jpg
Cov_recommendations_lightbeam_mov6_p29_f3,covid,jpg
Cov_recommendations_lightbeam_mov6_p29_f4,covid,jpg
Cov_recommendations_lightbeam_mov6_p29_f5,covid,jpg
Cov_recommendations_likebutterfly_mov5_p30_f1,covid,jpg
Cov_recommendations_likebutterfly_mov5_p30_f2,covid,jpg
Cov_recommendations_likebutterfly_mov5_p30_f3,covid,jpg
Cov_recommendations_likebutterfly_mov5_p30_f4,covid,jpg
Cov_recommendations_likebutterfly_mov5_p30_f5,covid,jpg
Pneu-Atlas-pneumonia2_p32_f1,pneumonia,jpg
Pneu-Atlas-pneumonia2_p32_f2,pneumonia,jpg
Pneu-Atlas-pneumonia2_p32_f3,pneumonia,jpg
Pneu-Atlas-pneumonia2_p32_f4,pneumonia,jpg
Pneu-Atlas-pneumonia2_p32_f5,pneumonia,jpg
Pneu-Atlas-pneumonia_p31_f1,pneumonia,jpg
Pneu-Atlas-pneumonia_p31_f2,pneumonia,jpg
Pneu-Atlas-pneumonia_p31_f3,pneumonia,jpg
Pneu-Atlas-pneumonia_p31_f4,pneumonia,jpg
Pneu-Atlas-pneumonia_p31_f5,pneumonia,jpg
pneu-radiopaeda_p33_f1,pneumonia,jpg
pneu-radiopaeda_p33_f2,pneumonia,jpg
pneu-radiopaeda_p33_f3,pneumonia,jpg
pneu-radiopaeda_p33_f4,pneumonia,jpg
pneu-radiopaeda_p33_f5,pneumonia,jpg
Pneu_Avi_Video_001_p34_f1,pneumonia,jpg
Pneu_Avi_Video_001_p34_f2,pneumonia,jpg
Pneu_Avi_Video_001_p34_f3,pneumonia,jpg
Pneu_Avi_Video_001_p34_f4,pneumonia,jpg
Pneu_Avi_Video_001_p34_f5,pneumonia,jpg
Pneu_Avi_Video_002_p35_f1,pneumonia,jpg
Pneu_Avi_Video_002_p35_f2,pneumonia,jpg
Pneu_Avi_Video_002_p35_f3,pneumonia,jpg
Pneu_Avi_Video_002_p35_f4,pneumonia,jpg
Pneu_Avi_Video_002_p35_f5,pneumonia,jpg
Pneu_Avi_Video_003_p36_f1,pneumonia,jpg
Pneu_Avi_Video_003_p36_f2,pneumonia,jpg
Pneu_Avi_Video_003_p36_f3,pneumonia,jpg
Pneu_Avi_Video_003_p36_f4,pneumonia,jpg
Pneu_Avi_Video_003_p36_f5,pneumonia,jpg
Pneu_Avi_Video_004_p37_f1,pneumonia,jpg
Pneu_Avi_Video_004_p37_f2,pneumonia,jpg
Pneu_Avi_Video_004_p37_f3,pneumonia,jpg
Pneu_Avi_Video_004_p37_f4,pneumonia,jpg
Pneu_Avi_Video_004_p37_f5,pneumonia,jpg
Pneu_Avi_Video_005_p38_f1,pneumonia,jpg
Pneu_Avi_Video_005_p38_f2,pneumonia,jpg
Pneu_Avi_Video_005_p38_f3,pneumonia,jpg
Pneu_Avi_Video_005_p38_f4,pneumonia,jpg
Pneu_Avi_Video_005_p38_f5,pneumonia,jpg
Pneu_Avi_Video_006_p39_f1,pneumonia,jpg
Pneu_Avi_Video_006_p39_f2,pneumonia,jpg
Pneu_Avi_Video_006_p39_f3,pneumonia,jpg
Pneu_Avi_Video_006_p39_f4,pneumonia,jpg
Pneu_Avi_Video_006_p39_f5,pneumonia,jpg
Pneu_Basal-pneumonia-RUQ_crop_p40_f1,pneumonia,jpg
Pneu_Basal-pneumonia-RUQ_crop_p40_f2,pneumonia,jpg
Pneu_Basal-pneumonia-RUQ_crop_p40_f3,pneumonia,jpg
Pneu_Basal-pneumonia-RUQ_crop_p40_f4,pneumonia,jpg
Pneu_Basal-pneumonia-RUQ_crop_p40_f5,pneumonia,jpg
Pneu_basalpneumonia_liftle_case1_p41_f1,pneumonia,jpg
Pneu_basalpneumonia_liftle_case1_p41_f2,pneumonia,jpg
Pneu_basalpneumonia_liftle_case1_p41_f3,pneumonia,jpg
Pneu_basalpneumonia_liftle_case1_p41_f4,pneumonia,jpg
Pneu_basalpneumonia_liftle_case1_p41_f5,pneumonia,jpg
Pneu_from_article_rippey_p42_f1,pneumonia,jpg
Pneu_from_article_rippey_p42_f2,pneumonia,jpg
Pneu_from_article_rippey_p42_f3,pneumonia,jpg
Pneu_from_article_rippey_p42_f4,pneumonia,jpg
Pneu_from_article_rippey_p42_f5,pneumonia,jpg
Pneu_liftl_pneu_case3_clip3_p43_f1,pneumonia,jpg
Pneu_liftl_pneu_case3_clip3_p43_f2,pneumonia,jpg
Pneu_liftl_pneu_case3_clip3_p43_f3,pneumonia,jpg
Pneu_liftl_pneu_case3_clip3_p43_f4,pneumonia,jpg
Pneu_liftl_pneu_case3_clip3_p43_f5,pneumonia,jpg
Pneu_liftl_pneu_case3_clip4_p44_f1,pneumonia,jpg
Pneu_liftl_pneu_case3_clip4_p44_f2,pneumonia,jpg
Pneu_liftl_pneu_case3_clip4_p44_f3,pneumonia,jpg
Pneu_liftl_pneu_case3_clip4_p44_f4,pneumonia,jpg
Pneu_liftl_pneu_case3_clip4_p44_f5,pneumonia,jpg
Pneu_liftl_pneu_case3_clip5_p45_f1,pneumonia,jpg
Pneu_liftl_pneu_case3_clip5_p45_f2,pneumonia,jpg
Pneu_liftl_pneu_case3_clip5_p45_f3,pneumonia,jpg
Pneu_liftl_pneu_case3_clip5_p45_f4,pneumonia,jpg
Pneu_liftl_pneu_case3_clip5_p45_f5,pneumonia,jpg
Pneu_northumbria_0409_set1_vid1_p46_f1,pneumonia,jpg
Pneu_northumbria_0409_set1_vid1_p46_f2,pneumonia,jpg
Pneu_northumbria_0409_set1_vid1_p46_f3,pneumonia,jpg
Pneu_northumbria_0409_set1_vid1_p46_f4,pneumonia,jpg
Pneu_northumbria_0409_set1_vid1_p46_f5,pneumonia,jpg
Pneu_northumbria_0409_set1_vid2_p47_f1,pneumonia,jpg
Pneu_northumbria_0409_set1_vid2_p47_f2,pneumonia,jpg
Pneu_northumbria_0409_set1_vid2_p47_f3,pneumonia,jpg
Pneu_northumbria_0409_set1_vid2_p47_f4,pneumonia,jpg
Pneu_northumbria_0409_set1_vid2_p47_f5,pneumonia,jpg
Pneu_northumbria_0409_set2_vid1_p48_f1,pneumonia,jpg
Pneu_northumbria_0409_set2_vid1_p48_f2,pneumonia,jpg
Pneu_northumbria_0409_set2_vid1_p48_f3,pneumonia,jpg
Pneu_northumbria_0409_set2_vid1_p48_f4,pneumonia,jpg
Pneu_northumbria_0409_set2_vid1_p48_f5,pneumonia,jpg
Pneu_northumbria_0409_set2_vid2_p49_f1,pneumonia,jpg
Pneu_northumbria_0409_set2_vid2_p49_f2,pneumonia,jpg
Pneu_northumbria_0409_set2_vid2_p49_f3,pneumonia,jpg
Pneu_northumbria_0409_set2_vid2_p49_f4,pneumonia,jpg
Pneu_northumbria_0409_set2_vid2_p49_f5,pneumonia,jpg
Pneu_northumbria_0409_set2_vid3_p50_f1,pneumonia,jpg
Pneu_northumbria_0409_set2_vid3_p50_f2,pneumonia,jpg
Pneu_northumbria_0409_set2_vid3_p50_f3,pneumonia,jpg
Pneu_northumbria_0409_set2_vid3_p50_f4,pneumonia,jpg
Pneu_northumbria_0409_set2_vid3_p50_f5,pneumonia,jpg
Pneu_northumbria_0409_set2_vid4_p51_f1,pneumonia,jpg
Pneu_northumbria_0409_set2_vid4_p51_f2,pneumonia,jpg
Pneu_northumbria_0409_set2_vid4_p51_f3,pneumonia,jpg
Pneu_northumbria_0409_set2_vid4_p51_f4,pneumonia,jpg
Pneu_northumbria_0409_set2_vid4_p51_f5,pneumonia,jpg
Pneu_northumbria_0409_set3_vid1_p52_f1,pneumonia,jpg
Pneu_northumbria_0409_set3_vid1_p52_f2,pneumonia,jpg
Pneu_northumbria_0409_set3_vid1_p52_f3,pneumonia,jpg
Pneu_northumbria_0409_set3_vid1_p52_f4,pneumonia,jpg
Pneu_northumbria_0409_set3_vid1_p52_f5,pneumonia,jpg
Pneu_northumbria_0409_set3_vid2_p53_f1,pneumonia,jpg
Pneu_northumbria_0409_set3_vid2_p53_f2,pneumonia,jpg
Pneu_northumbria_0409_set3_vid2_p53_f3,pneumonia,jpg
Pneu_northumbria_0409_set3_vid2_p53_f4,pneumonia,jpg
Pneu_northumbria_0409_set3_vid2_p53_f5,pneumonia,jpg
Pneu_northumbria_0409_set4_vid1_p54_f1,pneumonia,jpg
Pneu_northumbria_0409_set4_vid1_p54_f2,pneumonia,jpg
Pneu_northumbria_0409_set4_vid1_p54_f3,pneumonia,jpg
Pneu_northumbria_0409_set4_vid1_p54_f4,pneumonia,jpg
Pneu_northumbria_0409_set4_vid1_p54_f5,pneumonia,jpg
Pneu_northumbria_0409_set4_vid2_p55_f1,pneumonia,jpg
Pneu_northumbria_0409_set4_vid2_p55_f2,pneumonia,jpg
Pneu_northumbria_0409_set4_vid2_p55_f3,pneumonia,jpg
Pneu_northumbria_0409_set4_vid2_p55_f4,pneumonia,jpg
Pneu_northumbria_0409_set4_vid2_p55_f5,pneumonia,jpg
Pneu_northumbria_0409_set5_vid1_p56_f1,pneumonia,jpg
Pneu_northumbria_0409_set5_vid1_p56_f2,pneumonia,jpg
Pneu_northumbria_0409_set5_vid1_p56_f3,pneumonia,jpg
Pneu_northumbria_0409_set5_vid1_p56_f4,pneumonia,jpg
Pneu_northumbria_0409_set5_vid1_p56_f5,pneumonia,jpg
Pneu_northumbria_0409_set5_vid2_p57_f1,pneumonia,jpg
Pneu_northumbria_0409_set5_vid2_p57_f2,pneumonia,jpg
Pneu_northumbria_0409_set5_vid2_p57_f3,pneumonia,jpg
Pneu_northumbria_0409_set5_vid2_p57_f4,pneumonia,jpg
Pneu_northumbria_0409_set5_vid2_p57_f5,pneumonia,jpg
Pneu_northumbria_0409_set6_vid1_p58_f1,pneumonia,jpg
Pneu_northumbria_0409_set6_vid1_p58_f2,pneumonia,jpg
Pneu_northumbria_0409_set6_vid1_p58_f3,pneumonia,jpg
Pneu_northumbria_0409_set6_vid1_p58_f4,pneumonia,jpg
Pneu_northumbria_0409_set6_vid1_p58_f5,pneumonia,jpg
Pneu_northumbria_0409_set6_vid2_p59_f1,pneumonia,jpg
Pneu_northumbria_0409_set6_vid2_p59_f2,pneumonia,jpg
Pneu_northumbria_0409_set6_vid2_p59_f3,pneumonia,jpg
Pneu_northumbria_0409_set6_vid2_p59_f4,pneumonia,jpg
Pneu_northumbria_0409_set6_vid2_p59_f5,pneumonia,jpg
Pneu_northumbria_0409_set6_vid3_p60_f1,pneumonia,jpg
Pneu_northumbria_0409_set6_vid3_p60_f2,pneumonia,jpg
Pneu_northumbria_0409_set6_vid3_p60_f3,pneumonia,jpg
Pneu_northumbria_0409_set6_vid3_p60_f4,pneumonia,jpg
Pneu_northumbria_0409_set6_vid3_p60_f5,pneumonia,jpg
Pneu_northumbria_0409_set6_vid4_p61_f1,pneumonia,jpg
Pneu_northumbria_0409_set6_vid4_p61_f2,pneumonia,jpg
Pneu_northumbria_0409_set6_vid4_p61_f3,pneumonia,jpg
Pneu_northumbria_0409_set6_vid4_p61_f4,pneumonia,jpg
Pneu_northumbria_0409_set6_vid4_p61_f5,pneumonia,jpg
Pneu_northumbria_0409_set6_vid5_p62_f1,pneumonia,jpg
Pneu_northumbria_0409_set6_vid5_p62_f2,pneumonia,jpg
Pneu_northumbria_0409_set6_vid5_p62_f3,pneumonia,jpg
Pneu_northumbria_0409_set6_vid5_p62_f4,pneumonia,jpg
Pneu_northumbria_0409_set6_vid5_p62_f5,pneumonia,jpg
Pneu_northumbria_0409_set6_vid7_p63_f1,pneumonia,jpg
Pneu_northumbria_0409_set6_vid7_p63_f2,pneumonia,jpg
Pneu_northumbria_0409_set6_vid7_p63_f3,pneumonia,jpg
Pneu_northumbria_0409_set6_vid7_p63_f4,pneumonia,jpg
Pneu_northumbria_0409_set6_vid7_p63_f5,pneumonia,jpg
Pneu_northumbria_0409_set6_vid8_p64_f1,pneumonia,jpg
Pneu_northumbria_0409_set6_vid8_p64_f2,pneumonia,jpg
Pneu_northumbria_0409_set6_vid8_p64_f3,pneumonia,jpg
Pneu_northumbria_0409_set6_vid8_p64_f4,pneumonia,jpg
Pneu_northumbria_0409_set6_vid8_p64_f5,pneumonia,jpg
Pneu_northumbria_1009_vid1_p65_f1,pneumonia,jpg
Pneu_northumbria_1009_vid1_p65_f2,pneumonia,jpg
Pneu_northumbria_1009_vid1_p65_f3,pneumonia,jpg
Pneu_northumbria_1009_vid1_p65_f4,pneumonia,jpg
Pneu_northumbria_1009_vid1_p65_f5,pneumonia,jpg
Pneu_Pneumonia-LITFL-Ultrasound_crop_p66_f1,pneumonia,jpg
Pneu_Pneumonia-LITFL-Ultrasound_crop_p66_f2,pneumonia,jpg
Pneu_Pneumonia-LITFL-Ultrasound_crop_p66_f3,pneumonia,jpg
Pneu_Pneumonia-LITFL-Ultrasound_crop_p66_f4,pneumonia,jpg
Pneu_Pneumonia-LITFL-Ultrasound_crop_p66_f5,pneumonia,jpg
Reg-Atlas-alines_p67_f1,regular,jpg
Reg-Atlas-alines_p67_f2,regular,jpg
Reg-Atlas-alines_p67_f3,regular,jpg
Reg-Atlas-alines_p67_f4,regular,jpg
Reg-Atlas-alines_p67_f5,regular,jpg
Reg-Atlas-lungcurtain_p68_f1,regular,jpg
Reg-Atlas-lungcurtain_p68_f2,regular,jpg
Reg-Atlas-lungcurtain_p68_f3,regular,jpg
Reg-Atlas-lungcurtain_p68_f4,regular,jpg
Reg-Atlas-lungcurtain_p68_f5,regular,jpg
Reg-Atlas_p69_f1,regular,jpg
Reg-Atlas_p69_f2,regular,jpg
Reg-Atlas_p69_f3,regular,jpg
Reg-Atlas_p69_f4,regular,jpg
Reg-Atlas_p69_f5,regular,jpg
Reg-NormalLungs_p70_f1,regular,jpg
Reg-NormalLungs_p70_f2,regular,jpg
Reg-NormalLungs_p70_f3,regular,jpg
Reg-NormalLungs_p70_f4,regular,jpg
Reg-NormalLungs_p70_f5,regular,jpg
Reg_Avi_Image002_p71_f1,regular,jpg
Reg_Avi_Image002_p71_f2,regular,jpg
Reg_Avi_Image002_p71_f3,regular,jpg
Reg_Avi_Image002_p71_f4,regular,jpg
Reg_Avi_Image002_p71_f5,regular,jpg
Reg_Avi_Image003_p72_f1,regular,jpg
Reg_Avi_Image003_p72_f2,regular,jpg
Reg_Avi_Image003_p72_f3,regular,jpg
Reg_Avi_Image003_p72_f4,regular,jpg
Reg_Avi_Image003_p72_f5,regular,jpg
Reg_Avi_Image004_p73_f1,regular,jpg
Reg_Avi_Image004_p73_f2,regular,jpg
Reg_Avi_Image004_p73_f3,regular,jpg
Reg_Avi_Image004_p73_f4,regular,jpg
Reg_Avi_Image004_p73_f5,regular,jpg
Reg_Avi_Image008_p74_f1,regular,jpg
Reg_Avi_Image008_p74_f2,regular,jpg
Reg_Avi_Image008_p74_f3,regular,jpg
Reg_Avi_Image008_p74_f4,regular,jpg
Reg_Avi_Image008_p74_f5,regular,jpg
Reg_Avi_lung-sliding-2_p75_f1,regular,jpg
Reg_Avi_lung-sliding-2_p75_f2,regular,jpg
Reg_Avi_lung-sliding-2_p75_f3,regular,jpg
Reg_Avi_lung-sliding-2_p75_f4,regular,jpg
Reg_Avi_lung-sliding-2_p75_f5,regular,jpg
Reg_Avi_lung-sliding-3_p76_f1,regular,jpg
Reg_Avi_lung-sliding-3_p76_f2,regular,jpg
Reg_Avi_lung-sliding-3_p76_f3,regular,jpg
Reg_Avi_lung-sliding-3_p76_f4,regular,jpg
Reg_Avi_lung-sliding-3_p76_f5,regular,jpg
Reg_Avi_lung-sliding_p77_f1,regular,jpg
Reg_Avi_lung-sliding_p77_f2,regular,jpg
Reg_Avi_lung-sliding_p77_f3,regular,jpg
Reg_Avi_lung-sliding_p77_f4,regular,jpg
Reg_Avi_lung-sliding_p77_f5,regular,jpg
Reg_Avi_Video_001_p78_f1,regular,jpg
Reg_Avi_Video_001_p78_f2,regular,jpg
Reg_Avi_Video_001_p78_f3,regular,jpg
Reg_Avi_Video_001_p78_f4,regular,jpg
Reg_Avi_Video_001_p78_f5,regular,jpg
Reg_Avi_Video_002_p79_f1,regular,jpg
Reg_Avi_Video_002_p79_f2,regular,jpg
Reg_Avi_Video_002_p79_f3,regular,jpg
Reg_Avi_Video_002_p79_f4,regular,jpg
Reg_Avi_Video_002_p79_f5,regular,jpg
Reg_Avi_Video_003_p80_f1,regular,jpg
Reg_Avi_Video_003_p80_f2,regular,jpg
Reg_Avi_Video_003_p80_f3,regular,jpg
Reg_Avi_Video_003_p80_f4,regular,jpg
Reg_Avi_Video_003_p80_f5,regular,jpg
Reg_Avi_Video_004_p81_f1,regular,jpg
Reg_Avi_Video_004_p81_f2,regular,jpg
Reg_Avi_Video_004_p81_f3,regular,jpg
Reg_Avi_Video_004_p81_f4,regular,jpg
Reg_Avi_Video_004_p81_f5,regular,jpg
Reg_Image_181602_trimmed_crop_p82_f1,regular,jpg
Reg_Image_181602_trimmed_crop_p82_f2,regular,jpg
Reg_Image_181602_trimmed_crop_p82_f3,regular,jpg
Reg_Image_181602_trimmed_crop_p82_f4,regular,jpg
Reg_Image_181602_trimmed_crop_p82_f5,regular,jpg
Reg_Image_181739_trimmed_crop_p83_f1,regular,jpg
Reg_Image_181739_trimmed_crop_p83_f2,regular,jpg
Reg_Image_181739_trimmed_crop_p83_f3,regular,jpg
Reg_Image_181739_trimmed_crop_p83_f4,regular,jpg
Reg_Image_181739_trimmed_crop_p83_f5,regular,jpg
Reg_Image_182106_crop_p84_f1,regular,jpg
Reg_Image_182106_crop_p84_f2,regular,jpg
Reg_Image_182106_crop_p84_f3,regular,jpg
Reg_Image_182106_crop_p84_f4,regular,jpg
Reg_Image_182106_crop_p84_f5,regular,jpg
Reg_Image_182340_crop_p85_f1,regular,jpg
Reg_Image_182340_crop_p85_f2,regular,jpg
Reg_Image_182340_crop_p85_f3,regular,jpg
Reg_Image_182340_crop_p85_f4,regular,jpg
Reg_Image_182340_crop_p85_f5,regular,jpg
Reg_liftl_case3_clip2_p86_f1,regular,jpg
Reg_liftl_case3_clip2_p86_f2,regular,jpg
Reg_liftl_case3_clip2_p86_f3,regular,jpg
Reg_liftl_case3_clip2_p86_f4,regular,jpg
Reg_liftl_case3_clip2_p86_f5,regular,jpg
Reg_liftl_pneucase3_clip1_p87_f1,regular,jpg
Reg_liftl_pneucase3_clip1_p87_f2,regular,jpg
Reg_liftl_pneucase3_clip1_p87_f3,regular,jpg
Reg_liftl_pneucase3_clip1_p87_f4,regular,jpg
Reg_liftl_pneucase3_clip1_p87_f5,regular,jpg
Reg_northumbria_0409_set3_vid1_p88_f1,regular,jpg
Reg_northumbria_0409_set3_vid1_p88_f2,regular,jpg
Reg_northumbria_0409_set3_vid1_p88_f3,regular,jpg
Reg_northumbria_0409_set3_vid1_p88_f4,regular,jpg
Reg_northumbria_0409_set3_vid1_p88_f5,regular,jpg
Reg_northumbria_0409_set3_vid2_p89_f1,regular,jpg
Reg_northumbria_0409_set3_vid2_p89_f2,regular,jpg
Reg_northumbria_0409_set3_vid2_p89_f3,regular,jpg
Reg_northumbria_0409_set3_vid2_p89_f4,regular,jpg
Reg_northumbria_0409_set3_vid2_p89_f5,regular,jpg
Reg_northumbria_0409_set5_vid1_p90_f1,regular,jpg
Reg_northumbria_0409_set5_vid1_p90_f2,regular,jpg
Reg_northumbria_0409_set5_vid1_p90_f3,regular,jpg
Reg_northumbria_0409_set5_vid1_p90_f4,regular,jpg
Reg_northumbria_0409_set5_vid1_p90_f5,regular,jpg
Reg_northumbria_0409_set5_vid2_p91_f1,regular,jpg
Reg_northumbria_0409_set5_vid2_p91_f2,regular,jpg
Reg_northumbria_0409_set5_vid2_p91_f3,regular,jpg
Reg_northumbria_0409_set5_vid2_p91_f4,regular,jpg
Reg_northumbria_0409_set5_vid2_p91_f5,regular,jpg
Reg_northumbria_1009_vid1_p92_f1,regular,jpg
Reg_northumbria_1009_vid1_p92_f2,regular,jpg
Reg_northumbria_1009_vid1_p92_f3,regular,jpg
Reg_northumbria_1009_vid1_p92_f4,regular,jpg
Reg_northumbria_1009_vid1_p92_f5,regular,jpg
Reg_northumbria_1009_vid2_p93_f1,regular,jpg
Reg_northumbria_1009_vid2_p93_f2,regular,jpg
Reg_northumbria_1009_vid2_p93_f3,regular,jpg
Reg_northumbria_1009_vid2_p93_f4,regular,jpg
Reg_northumbria_1009_vid2_p93_f5,regular,jpg
Reg_northumbria_1009_vid3_p94_f1,regular,jpg
Reg_northumbria_1009_vid3_p94_f2,regular,jpg
Reg_northumbria_1009_vid3_p94_f3,regular,jpg
Reg_northumbria_1009_vid3_p94_f4,regular,jpg
Reg_northumbria_1009_vid3_p94_f5,regular,jpg
Reg_northumbria_1009_vid5_p95_f1,regular,jpg
Reg_northumbria_1009_vid5_p95_f2,regular,jpg
Reg_northumbria_1009_vid5_p95_f3,regular,jpg
Reg_northumbria_1009_vid5_p95_f4,regular,jpg
Reg_northumbria_1009_vid5_p95_f5,regular,jpg
Reg_northumbria_1009_vid6_p96_f1,regular,jpg
Reg_northumbria_1009_vid6_p96_f2,regular,jpg
Reg_northumbria_1009_vid6_p96_f3,regular,jpg
Reg_northumbria_1009_vid6_p96_f4,regular,jpg
Reg_northumbria_1009_vid6_p96_f5,regular,jpg
Reg_northumbria_1009_vid7_p97_f1,regular,jpg
Reg_northumbria_1009_vid7_p97_f2,regular,jpg
Reg_northumbria_1009_vid7_p97_f3,regular,jpg
Reg_northumbria_1009_vid7_p97_f4,regular,jpg
Reg_northumbria_1009_vid7_p97_f5,regular,jpg
Reg_pat1Image_132943_p98_f1,regular,jpg
Reg_pat1Image_132943_p98_f2,regular,jpg
Reg_pat1Image_132943_p98_f3,regular,jpg
Reg_pat1Image_132943_p98_f4,regular,jpg
Reg_pat1Image_132943_p98_f5,regular,jpg
Reg_pat1Image_133043_p99_f1,regular,jpg
Reg_pat1Image_133043_p99_f2,regular,jpg
Reg_pat1Image_133043_p99_f3,regular,jpg
Reg_pat1Image_133043_p99_f4,regular,jpg
Reg_pat1Image_133043_p99_f5,regular,jpg
Reg_pat1Image_133138_p100_f1,regular,jpg
Reg_pat1Image_133138_p100_f2,regular,jpg
Reg_pat1Image_133138_p100_f3,regular,jpg
Reg_pat1Image_133138_p100_f4,regular,jpg
Reg_pat1Image_133138_p100_f5,regular,jpg
Reg_pat1Image_133232_p101_f1,regular,jpg
Reg_pat1Image_133232_p101_f2,regular,jpg
Reg_pat1Image_133232_p101_f3,regular,jpg
Reg_pat1Image_133232_p101_f4,regular,jpg
Reg_pat1Image_133232_p101_f5,regular,jpg
Reg_pat1Image_133327_p102_f1,regular,jpg
Reg_pat1Image_133327_p102_f2,regular,jpg
Reg_pat1Image_133327_p102_f3,regular,jpg
Reg_pat1Image_133327_p102_f4,regular,jpg
Reg_pat1Image_133327_p102_f5,regular,jpg
Reg_pat1Image_133410_p103_f1,regular,jpg
Reg_pat1Image_133410_p103_f2,regular,jpg
Reg_pat1Image_133410_p103_f3,regular,jpg
Reg_pat1Image_133410_p103_f4,regular,jpg
Reg_pat1Image_133410_p103_f5,regular,jpg
Reg_pat2Image_133824_p104_f1,regular,jpg
Reg_pat2Image_133824_p104_f2,regular,jpg
Reg_pat2Image_133824_p104_f3,regular,jpg
Reg_pat2Image_133824_p104_f4,regular,jpg
Reg_pat2Image_133824_p104_f5,regular,jpg
Reg_pat2Image_133952_p105_f1,regular,jpg
Reg_pat2Image_133952_p105_f2,regular,jpg
Reg_pat2Image_133952_p105_f3,regular,jpg
Reg_pat2Image_133952_p105_f4,regular,jpg
Reg_pat2Image_133952_p105_f5,regular,jpg
Reg_pat2Image_134138_p106_f1,regular,jpg
Reg_pat2Image_134138_p106_f2,regular,jpg
Reg_pat2Image_134138_p106_f3,regular,jpg
Reg_pat2Image_134138_p106_f4,regular,jpg
Reg_pat2Image_134138_p106_f5,regular,jpg
Reg_pat2Image_134240_p107_f1,regular,jpg
Reg_pat2Image_134240_p107_f2,regular,jpg
Reg_pat2Image_134240_p107_f3,regular,jpg
Reg_pat2Image_134240_p107_f4,regular,jpg
Reg_pat2Image_134240_p107_f5,regular,jpg
Reg_pat2Image_134348_p108_f1,regular,jpg
Reg_pat2Image_134348_p108_f2,regular,jpg
Reg_pat2Image_134348_p108_f3,regular,jpg
Reg_pat2Image_134348_p108_f4,regular,jpg
Reg_pat2Image_134348_p108_f5,regular,jpg
Reg_pat2Image_134441_p109_f1,regular,jpg
Reg_pat2Image_134441_p109_f2,regular,jpg
Reg_pat2Image_134441_p109_f3,regular,jpg
Reg_pat2Image_134441_p109_f4,regular,jpg
Reg_pat2Image_134441_p109_f5,regular,jpg
Reg_pat3Image_134711_p110_f1,regular,jpg
Reg_pat3Image_134711_p110_f2,regular,jpg
Reg_pat3Image_134711_p110_f3,regular,jpg
Reg_pat3Image_134711_p110_f4,regular,jpg
Reg_pat3Image_134711_p110_f5,regular,jpg
Reg_pat3Image_134811_p111_f1,regular,jpg
Reg_pat3Image_134811_p111_f2,regular,jpg
Reg_pat3Image_134811_p111_f3,regular,jpg
Reg_pat3Image_134811_p111_f4,regular,jpg
Reg_pat3Image_134811_p111_f5,regular,jpg
Reg_pat3Image_134904_p112_f1,regular,jpg
Reg_pat3Image_134904_p112_f2,regular,jpg
Reg_pat3Image_134904_p112_f3,regular,jpg
Reg_pat3Image_134904_p112_f4,regular,jpg
Reg_pat3Image_134904_p112_f5,regular,jpg
Reg_pat3Image_135026_p113_f1,regular,jpg
Reg_pat3Image_135026_p113_f2,regular,jpg
Reg_pat3Image_135026_p113_f3,regular,jpg
Reg_pat3Image_135026_p113_f4,regular,jpg
Reg_pat3Image_135026_p113_f5,regular,jpg
Reg_pat3Image_135128_p114_f1,regular,jpg
Reg_pat3Image_135128_p114_f2,regular,jpg
Reg_pat3Image_135128_p114_f3,regular,jpg
Reg_pat3Image_135128_p114_f4,regular,jpg
Reg_pat3Image_135128_p114_f5,regular,jpg
Reg_pat3Image_135215_p115_f1,regular,jpg
Reg_pat3Image_135215_p115_f2,regular,jpg
Reg_pat3Image_135215_p115_f3,regular,jpg
Reg_pat3Image_135215_p115_f4,regular,jpg
Reg_pat3Image_135215_p115_f5,regular,jpg
Reg_pat4Image_135904_p116_f1,regular,jpg
Reg_pat4Image_135904_p116_f2,regular,jpg
Reg_pat4Image_135904_p116_f3,regular,jpg
Reg_pat4Image_135904_p116_f4,regular,jpg
Reg_pat4Image_135904_p116_f5,regular,jpg
Reg_pat4Image_140024_p117_f1,regular,jpg
Reg_pat4Image_140024_p117_f2,regular,jpg
Reg_pat4Image_140024_p117_f3,regular,jpg
Reg_pat4Image_140024_p117_f4,regular,jpg
Reg_pat4Image_140024_p117_f5,regular,jpg
Reg_pat4Image_140238_p118_f1,regular,jpg
Reg_pat4Image_140238_p118_f2,regular,jpg
Reg_pat4Image_140238_p118_f3,regular,jpg
Reg_pat4Image_140238_p118_f4,regular,jpg
Reg_pat4Image_140238_p118_f5,regular,jpg
Reg_pat4Image_140434_p119_f1,regular,jpg
Reg_pat4Image_140434_p119_f2,regular,jpg
Reg_pat4Image_140434_p119_f3,regular,jpg
Reg_pat4Image_140434_p119_f4,regular,jpg
Reg_pat4Image_140434_p119_f5,regular,jpg
Reg_pat4Image_140606_p120_f1,regular,jpg
Reg_pat4Image_140606_p120_f2,regular,jpg
Reg_pat4Image_140606_p120_f3,regular,jpg
Reg_pat4Image_140606_p120_f4,regular,jpg
Reg_pat4Image_140606_p120_f5,regular,jpg
Reg_pat4Image_140705_p121_f1,regular,jpg
Reg_pat4Image_140705_p121_f2,regular,jpg
Reg_pat4Image_140705_p121_f3,regular,jpg
Reg_pat4Image_140705_p121_f4,regular,jpg
Reg_pat4Image_140705_p121_f5,regular,jpg
Reg_recommendations_alines_mov1_p122_f1,regular,jpg
Reg_recommendations_alines_mov1_p122_f2,regular,jpg
Reg_recommendations_alines_mov1_p122_f3,regular,jpg
Reg_recommendations_alines_mov1_p122_f4,regular,jpg
Reg_recommendations_alines_mov1_p122_f5,regular,jpg
